,TmbFilesize,vidid
0,39842,eQ_8F4nzyiw
1,44126,lEaPQ7YrWQg
2,32902,J1z4XqEkSEU
3,34673,HREquvjw0eA
4,37438,GZEoss4XIgc
5,29273,1dhGKw7ph3s
6,39435,qDLQ7FjPMf8
7,14110,cxW75UljJ48
8,29096,_FqH1rqQrQg
9,26173,AwmJHcx2iHg
10,35478,uechD2E7f68
11,29019,-2O_e3pACFY
12,25343,5k1_zP6IUsM
13,27605,3MU-DIKvY3U
14,14459,P-uzNGTIWCA
15,13397,A9Hz2HRPQ6g
16,13165,Gb0f_jDZQgg
17,11907,B4cOdabDiYU
18,17418,CjD9-PBRlSg
19,15465,ibKpofiVg4Y
20,29701,Q6vVuj3iggE
21,47264,edRloa1ZHqY
22,35987,vePc5V4h_kg
23,30905,-k-V3ESHcfA
24,53759,8HEfIJlcFbs
25,9236,mWDLkNsWjgg
26,41600,nsnyl8llfH4
27,27230,-RjJtO51ykY
28,35732,PmlRbfSavbI
29,28546,DOWDNBu9DkU
30,31331,9e9D7ABgHpU
31,38395,VS6tnF31zr4
32,27658,5rYhRn1x3FM
33,32460,MvnumV1izOE
34,30005,3yjcqsNNa24
35,25200,ZxbGGGh5I7M
36,38074,z68vta3N5kg
37,25962,zr359AIjU2Q
38,11077,7sj6Gpk3ab4
39,14784,O1P6K_PaS0A
40,27465,kxLoycj4pJY
41,25734,I8yJkIuvPvM
42,35296,ywBV6M7VOFU
43,29377,X3o71W4uNHc
44,9470,flmkQZvN_g8
45,22715,zz5lGkDdk78
46,45217,OdW7vhYYSdM
47,36902,fU_pilTk624
48,14589,kRlwI2iV7x8
49,12416,R7yzKJHSrRE
50,41761,gl3bY6vME4w
51,34712,xLWUGumz1dI
52,5799,-NLBtZKx2cA
53,13307,Q-1DoJMehQM
54,11878,ipQkk7RxApg
55,34027,HIr1W601U7w
56,14225,kNGR5OvhM1c
57,33073,Hf273uCVHvE
58,8579,nMJaXNKtrIA
59,12380,a3P1qIqGtRw
60,8743,AWTuvTJKtr0
61,39378,UJwkj82BJjo
62,33564,KSQhjhoEvLs
63,8244,XkHCMuHXlFU
64,33597,o8JGsBDY1xI
65,17896,7yCTpDPEHtI
66,19891,a-zZkuGAVQY
67,45496,7t1aG9PGKsk
68,19025,4v7de1JBlTw
69,29525,cYd0rcE7Kks
70,20223,hEszgpxhkic
71,37132,_JiFJxOhDig
72,24258,v2aShVTMMNc
73,18908,OTQwTrYjJWM
74,23512,p7s7GOFLFi4
75,35679,TEyt3i8g9WU
76,41854,N9U6A6OI-b4
77,28790,RY2jp2o99p8
78,7234,W7CN7l--kzY
79,20469,QAZH0oaqgSg
80,26020,3MqYE2UuN24
81,29588,B19nlhbA7-E
82,18776,1Hqm0dYKUx4
83,28028,lvTqbM5Dq4Q
84,52427,o_W280R_Jt8
85,11004,kIq5CZlg8Rg
86,32158,4B_x1XjBhiI
87,31147,nrTsvn9usVQ
88,29799,1rLWVZVWfdY
89,28982,v9ML4GA47Rg
90,26121,KNwKPfOKipk
91,31852,_mZQ-5-KYHw
92,20527,nZMMuv0Ltyo
93,27546,-NN_m2yKAAk
94,23387,VSrEIdhrXB4
95,22419,IZ_8b_Ydsv0
96,33105,NSxa5cVT3Ok
97,13520,6ERXfZTFbFQ
98,20980,plUboQZgkng
99,28263,eCD6ahMihoc
100,29523,gWAXOD29YDU
101,29814,oPmZGBvJswg
102,38936,hCJ9sJHunVA
103,28483,w3s1awGu1-M
104,29193,tXCxelNUexM
105,30431,z5iY_8JxLC4
106,27886,T8THZjMcteM
107,31012,nYbJTtq2N_Q
108,40832,fKH8a9nChyU
109,32063,6z8Jtl2Aqg0
110,25744,EwS3mSGTih8
111,34525,Bv_S5upj5dk
112,29171,n6VSBtz1su4
113,26048,BB2g_ioctUQ
114,25637,iW5WnpTlifc
115,32540,P1Ks8Jk_awk
116,8192,Zc6jpNNGyko
117,40065,mwOX-EnOESI
118,45505,ULlRpIF5rTs
119,26838,TL-i3r2PN4w
120,25062,QmOF0crdyRU
121,29460,Wcs2PFz5q6g
122,28983,gXvuJu1kt48
123,32248,cS7cNaBrkxo
124,31816,GVRDGQhoEYQ
125,26327,31wjVhCcI5Y
126,30394,-wIt_WsJGfw
127,28600,uXs-zPc63kM
128,25845,FFwA0QFmpQ4
129,32904,GLgKkG44MGo
130,26546,aXvDEmo6uS4
131,30963,ncSoor2Iw8k
132,30154,RgAcOqVRfYA
133,31942,7YGZZcXqKxE
134,32410,fcxjwA4C4Cw
135,30051,iMvtHqLmEkI
136,33567,Nr5xb-QCBGA
137,27152,slUCmZJDXrk
138,28780,Rxmv7rT9leo
139,22079,HoH93judXmE
140,33532,wX75Z-4MEoM
141,29658,bXCeFPNWjsM
142,31267,S7MNX_UD7vY
143,42879,W2tTsjkX76o
144,27681,xBIowQ0WaR8
145,35432,U7e-mcJdZok
146,50820,EywIAz8fPnY
147,30483,e2h_BreIxaQ
148,27136,iX0HbrfRyvc
149,35908,799uhYUxtvA
150,34182,dfEWw95coak
151,37210,jdTwCSxNINA
152,6635,_ZCv6fROPTg
153,39111,Rxx3UtLn15g
154,40595,Zlc12P4F51c
155,32653,7FERCp7AtXg
156,36003,N-YNANU4fOo
157,42198,7UkkrNoZUwU
158,15463,8pbu-uJlJ9E
159,47527,epgVJT9Wa-k
160,13505,9mwXltguBWY
161,27987,uWUHkCgslNE
162,29380,rdMtOPQLqyE
163,30844,7gan3O3PHx8
164,34214,z5ckEKYvUts
165,35027,4XRl_k5pJiI
166,24606,BqD0CKKyRyE
167,30524,iJ02ZNYX7O4
168,32432,M4o3E1Yjvp8
169,33535,eY5AQhEeTc0
170,31309,IBOB-wS19yE
171,35662,gX3KV42qXs0
172,26800,_s7o66tSnDo
173,25762,2CrnPY-7q_I
174,40028,t8Us8iocRh4
175,37162,aJzo3Gr1uZU
176,33599,nkjy_5_cuXc
177,31961,oCF8B_DS4vI
178,10981,ic4R2j798l4
179,6210,xd6kGOrXyDY
180,29999,jJL0XoNBaac
181,21026,3AXupc7oE-g
182,28339,TNuzi-jMXoY
183,23826,MUJmKl7QfDU
184,27096,w2iTCm0xpDc
185,9817,BwfkZ38sae0
186,27470,u5InZ6iknUM
187,24567,JiC6DbBoV4Y
188,36092,qwPg2Dmh-6k
189,31307,CqB95rj_txI
190,34770,8bXhsUs-ohw
191,28110,3X6qEE2fHvE
192,30116,BgBh4Pb9Z4Q
193,28377,RKjovflET48
194,32587,w0VA9kbIL3g
195,31379,gEu0Fnt0VbM
196,25150,S7yZkHz4KLw
197,16420,3wKNAPJ-0ug
198,11880,JuGiZdxR2pU
199,17163,0BvEUmpnp9Q
200,35396,P8OopBgony4
201,44181,JMExFdJknt8
202,29738,u9D8eHolaN0
203,13809,Ld5GDwycs_s
204,25268,JZP54ioTBTU
205,15889,5mdwWF8F_Xs
206,31060,kVqJQdLBdF8
207,37428,R73EvY5otqQ
208,46614,6tsFChsTj1A
209,29089,Vyru8aZpwWw
210,25322,oURhS4du4NA
211,18376,J7tR0uR4T08
212,34583,iiXQ9Z8uq3o
213,15518,ApFFSa-DmjY
214,34949,REkyWae-F40
215,33790,VwdQlNAO7XU
216,17075,ujIAI86sIxM
217,25625,x6Brhk801Os
218,23446,YQCXeFHDwPA
219,32208,sSZjK9tinqU
220,35003,aFlromB6SnU
221,39939,uJ8cYheR5xo
222,30664,oDqICb-Dme8
223,19138,bgV26ol51UM
224,42730,qTrfBMH2Nfc
225,29647,ghQM1Een2Og
226,35525,FiyXFGW2swM
227,48943,SNfZDT_5Gi0
228,26087,kEDCE2nOQeM
229,38437,uJeMqniVe8o
230,22687,JvbD7GgMWv4
231,12411,fZymVui77Fk
232,33151,x-sa2ELAjYY
233,20614,skZbuhUMtcQ
234,27883,4bjOC4mlKhI
235,30443,y-2CyaH180k
236,29149,nYsZQwKo-pE
237,35490,5RpGoOS68y4
238,37368,ZGJnFFKqfr0
239,31304,XfXMjyXvA-o
240,23960,sHEwTKEDVM0
241,23617,kr3OAIvgbk8
242,36931,vBziplrKt_0
243,37101,-IYuCz4reOo
244,28616,O4c6ipJ6Ff0
245,38597,h60tlMn6TgE
246,21608,M3Iztt4D2UE
247,37226,qMM3tPBnEN0
248,32640,byy1q6NDiRQ
249,29996,1oprjir1rz8
250,16128,VbVRmz-wlUI
251,29727,mkEpNOsGxKA
252,5713,2blu1JiQVF4
253,34372,HVcckmqxgFY
254,22712,SMr1O9fe4pw
255,33910,b0qTXEUGaJQ
256,19936,pbtPD8FDzFA
257,18391,nr7APKTZjWk
258,21464,udb_Emx3J2U
259,35902,W8drBvXlOAE
260,31857,t705r8ICkRw
261,8603,vIh4aLX3cZQ
262,21461,Ge1_6MUWAYg
263,26686,FaOAsUR-o-U
264,36991,6YRf8FsjEXQ
265,27734,hEbhlxF29BM
266,27734,BntCkCRc55c
267,28078,4hhj_Y3B54M
268,27288,nG2t5FgALSs
269,34144,7STa-tiQajQ
270,24470,0O9_k2_Wod4
271,12655,Ne-hI31F2kk
272,32560,StSJsyraODs
273,5397,wRBxILw04IE
274,53487,SnGD__egREQ
275,14925,IS--jXYsWVE
276,35660,xZ3WFBuuvdU
277,36734,JZ_Tp9qjviw
278,29206,RR4fHSIMfzo
279,114798,a4yXEbUZ0R0
280,23124,eoJxaz3VtuE
281,15953,MY5-WutC5Ws
282,26667,xYkvtVU_3Fw
283,20631,sDdlL9-LEjc
284,24590,anN2Z7UzO9k
285,21873,PHfJBoGgrns
286,20867,acDnYIodO-k
287,26112,TsLd8pXU7w4
288,22424,B__r2uEm_Bg
289,25150,l8G7wW-npK8
290,26849,Q2C_x6zlX-k
291,18952,OrBQ6BikIg4
292,16790,9_33KaUQuXc
293,22761,A3yStZK53_k
294,20595,0r4xNhYdQJk
295,23587,jnaTGBLEsuc
296,23981,rGyVPL_e2WE
297,39342,DRZ1SoPdc6M
298,11437,XxCwYZerFnw
299,20539,u1K360Nz5hA
300,35060,qOVAbKKSH10
301,16403,cmkKxNN7cs4
302,18335,_lE6U34pXnE
303,37401,4jROlXH9Nvc
304,23846,aGPi27VGWVM
305,16302,xmob0Lox_FQ
306,21160,EIGjT5NYjjM
307,22179,wIIQlkyTP_I
308,12063,BOSQ8m21oLo
309,20763,5To_PB3xBdY
310,21825,0YOaYUYd2-s
311,18547,62ZRPJkHOX0
312,12354,tiavPB8h0es
313,15260,qdjn7Ryaq5Y
314,18808,AwJItZbCAv4
315,14657,qVhj4-F1v0g
316,14314,-3Xabm9yewk
317,17566,Xd-tmhdLJp0
318,10407,ahIicKEePus
319,18782,I0kC9WI3FRc
320,50329,W_OuYDJ2vjQ
321,14546,is3EsCgj8NI
322,12482,EX2-fEJGBwI
323,14689,kD-6d5sfV88
324,38756,US9xV85pz5s
325,9663,3oMK4rFZA3M
326,35704,MiyuVbjkAck
327,28467,jsa-ydukCmY
328,10980,TSGpIqCxI1U
329,13813,CXF5ppYM1RM
330,47632,x8eCM6Ngp9Q
331,31171,p5mQU2gl25Y
332,27688,_ZcsvQLP-Uo
333,31099,83lVeDxKXUY
334,41309,FRsUKYAKpLY
335,36445,mOcPSM9RQv8
336,44887,Nt3a5t1gmtw
337,53182,OiUBbvNSMK8
338,39948,xe9tAknuGW4
339,24819,JYwVqI1In5Q
340,10658,cKwS4NfgGgc
341,15348,1lBa0voSo48
342,26174,Roay3Yfr63A
343,31954,BnY7rdFjYlA
344,8991,nZX8docryPA
345,49722,_r6I-sLM9yg
346,24250,aljIWcaiL2g
347,22235,t5yTTP_Yk_8
348,22242,t5ULKkQvh74
349,44091,tkh_IexG1uU
350,23344,c6C7FYS2M9E
351,36278,YNdsGCz6QEo
352,7851,FeUMKmVpyUs
353,27899,6rJpmvBllto
354,29711,2fRf7hUiynA
355,7625,I7e4WSxsmoM
356,10276,qlqcKBy19uM
357,10649,kLD6AslfLsU
358,7188,IJJRckcyk1s
359,22058,8cIQ8F9xC70
360,10645,D0BrG7O8wmA
361,11336,Ct3afssstno
362,15496,TgG0upE77mk
363,22244,5cWA9sxtDt8
364,40877,6jcxXpVk1_c
365,13229,RlYac67A6b8
366,16059,qAbY81Uu9qs
367,33553,hQOdjNADWNo
368,14892,ieWsYjHFpao
369,10686,60z9YBv9Ksw
370,15168,Sp4RS30EHX4
371,9888,6BMaXYkGK0g
372,10912,B4vVcofUyt0
373,26407,nXKY6sQfx4A
374,18561,WHGrsitxE0k
375,32209,4hNLqddSmqk
376,13775,O92qjcMqcLU
377,17517,PtI3683lmOM
378,12826,i2krnsHB6bY
379,14326,_9EuZZfAO9g
380,13491,kiiA6WTCQn0
381,18316,KylJ2v1_c-o
382,14872,aU24RWIgJVs
383,20817,Pc1aFloxSMw
384,15543,eFPTBATfX70
385,29619,FUhCrWoNA2c
386,16607,ta1sUTiJNkY
387,25019,Yryi1bbmUjU
388,17787,utBRWK4GmmE
389,26199,YmKmS9bpMqM
390,20070,1tmdiGvvzzw
391,12259,PV8CMZZKrB4
392,25518,qFbdsLm5mvI
393,19971,xU7nGvADHZM
394,14721,Ph0UlER9S08
395,23930,vBvLu3euc2Q
396,19972,2CkyYg__FTc
397,22985,IFFVWE0qS6k
398,10757,SsRLGRnPfvI
399,16508,cJ9JXa7EZII
400,15357,W6mRkmbn7Kk
401,12904,i8QvO2S36oU
402,11555,Td75eLXbh0I
403,17797,a9Y7AJkfq4s
404,31743,USorMxUndjE
405,16483,eVkhTceO230
406,9201,lEvTMNcLLdw
407,33884,B8jGXrcyGnQ
408,25722,YqlywIaJ6G0
409,31266,WDBMbNPI4uU
410,40192,0oRhkcZy7qU
411,18868,teJaVw6XgL0
412,39545,a5haXWWEGBM
413,25981,dNER7IJXxyo
414,30074,0FkgwoyWXx8
415,37064,RQU0qSGpdUA
416,28578,qMWr7_2F9wQ
417,29468,lMhsV091ET4
418,20996,ZVJOMOHB6Eo
419,21127,puaw3io2STs
420,7692,B1X_HZMJoDs
421,29810,Z7veiyN4LqU
422,8313,AE9BCIsoqBA
423,9440,77zknlmZHpM
424,4915,FNNvmvwl_z0
425,9767,_X5v9AgLVIQ
426,9198,N4L12oQnHVo
427,8243,aevPz4H38R0
428,8256,VERd3WPSixE
429,6199,VOgwhmC2UjI
430,7349,RCKhCFoSopc
431,11001,5-7aWzO8jmw
432,10581,XwcCLUornrE
433,6838,nq8cSJQCn6o
434,11093,MpvnKlxMIww
435,7561,fDBEEAZoP_8
436,11073,kMvkJ0vIxHY
437,7592,1qtHRk6XM4c
438,5610,BSo81AJoX50
439,5968,dqsKxoPeSNA
440,31647,LASTN9MbOno
441,22162,Q4TAfmcQDtA
442,22907,R9cKhCycWFs
443,14777,6qnP9Wygr3U
444,21199,8ZT6VOljHU4
445,24600,6mdWUueL0kY
446,23992,ffl7JZA964A
447,30596,E3paHdlRrqw
448,27171,e6VeFz-Aw8M
449,21191,E3d9o3ZlxLw
450,22323,qnlVzPrOFyM
451,18675,fjGeYBpF0z8
452,24272,11mlvImffNU
453,28687,9t-a0ZMc87A
454,28263,NSdk7Pa50WI
455,28953,mMl2CxW392U
456,41748,S2ctWfOo81o
457,19028,Q--kQThif4Y
458,13831,dKX-px0BGlw
459,29434,YU9HOU3_twE
460,9446,Zzyu8cCXXGE
461,11729,3w-W__97NtI
462,14022,x8cYgkIQyes
463,16249,kuzsr1oDeiU
464,9534,3BuEQvhcfBc
465,6335,7VzZMEHV3RE
466,11221,2NLVRiomU84
467,8385,pn-EsLaaMRk
468,8954,nVQeRFg-b4s
469,12165,KMmACcusoag
470,9065,YQCgWv6ub14
471,12119,kFERh_yzXOg
472,9084,sZUMe3wQAI0
473,30718,g7yFOKX_aXg
474,14330,E5PdoGxtba0
475,9441,szvNX-uY0ww
476,21722,KiB-MJ75OmI
477,25845,vmNwA1WPeW4
478,26789,PMfRn8MM1tQ
479,25679,O9SU7nhMf5s
480,37518,5w81-jiW8fs
481,31693,RfE_MreLSIM
482,36135,sMWp1-VmUUs
483,36703,D-_pk7v9uD4
484,20797,OIo9aVcrnN8
485,8909,bccgIUJ0eNQ
486,30511,QJePSDaQHKI
487,22025,tJJNrtFlPVM
488,93517,4sN2yiVzJb4
489,15848,1clOfsJVO6k
490,16979,IwKvXd4HD_g
491,12356,alpZeXErFx4
492,41104,2A1P5E1joes
493,24146,em3U6Zz13z0
494,12718,mIPtStSvX9Y
495,17889,ao3s_yjNKNU
496,12193,hN3XUvHi6UQ
497,12682,YtIUyrzcFu0
498,12377,pcl5xV0IoLc
499,5329,ZOM5im2-8Hc
500,12592,yEAYNX_UCjw
501,16816,Do_FSmyj15k
502,18509,dwojupdQOhA
503,12399,MLt-IIITx2Q
504,7638,iN2rqUWwF0M
505,11306,d7IRIh-ZKm0
506,14333,q-rPSyvIXsc
507,23480,cN7vCWlSPBs
508,14412,Z7bwPLxo6u8
509,20217,8iPLyg1DfrM
510,25429,Bdfz6I_C1H8
511,14001,NkaB_n5cUvM
512,17167,MYjlS-fuJ2U
513,23189,oV_9qLteiJY
514,15116,iBfMDTOdv5c
515,35012,FqAR7vx9txg
516,24052,j5vo8XOiXX4
517,16092,XmlHAgO7qSw
518,16614,EAy-dCfdhig
519,11938,95nOasrbG_k
520,24653,04eP-Zb_4mk
521,43857,XYY2LIx_38Q
522,24909,6oaYlLIbkG4
523,26225,Af0_xgxir_I
524,41340,Zg47ayjg0Vs
525,30957,LgncvEmFqAo
526,25926,3Z3K42dO7Zg
527,55054,i1OgFaAwmJU
528,25942,jG3wFKjSsSc
529,25586,cKVWZJC0DH4
530,26905,B5PgvzUEe1o
531,27141,Cbsxbgf81BU
532,30458,NgRWAJbgqE8
533,34111,HbVQd1GVxEg
534,25013,iR16mp-ILnM
535,32589,JAJgNSLYrH8
536,27170,rMAeHoHAhp8
537,35318,x7WTvFhZJeU
538,33865,TFAxSADJ4e8
539,29237,g12reU1pCfM
540,33933,TSe2PrVPQm0
541,29875,_WngPfHPiLM
542,22359,oZllPwGbx8k
543,23673,pRM2iWozny4
544,37380,Z7EvVujcE1M
545,22773,LxYjHSIloIo
546,22576,urFODAvWhJo
547,20841,5qFV86WK2EI
548,30103,bx0kXCv9f3U
549,36591,RziEjVgIyjk
550,26793,wMIBZKGkPJ8
551,36080,osVsjs3qHz8
552,15639,s1A8Tfn_t6U
553,13723,szjbcM9C9GE
554,14343,yyfpdVgXULY
555,16537,YrAx3d7Pb4E
556,16323,Xzvw8ThbEpI
557,14518,ZS63m8ZG2bg
558,16468,-34uQZvsdP8
559,13844,-ZwwVf_anbU
560,30626,QOWF0KTNu2g
561,27176,NTmdg8YVs0s
562,46208,_NbtT8c9sv8
563,32081,gKXe7kLXb0c
564,30393,wNG2TbDKMfU
565,30530,6kD1awU2aQ0
566,35281,Eb1fwobiD_8
567,37653,lKzcShfVXuo
568,32373,6zgTaLwsUqc
569,9140,rLOTTGM1W_Q
570,27581,lWV44XmPLYM
571,30635,FcwFTVizjIY
572,34753,lTjJrk4uZC4
573,30727,1A20wkgkMa8
574,46795,cICN8MV5Nr0
575,34904,SsT2UBaB2ZI
576,31959,aiRFznFEcQA
577,30443,lrPJ-Zrmv6Y
578,30822,tKurWiCxNHc
579,25487,NgKYgqt_fRA
580,19675,v4pTNzN_hbg
581,24887,T1ixVNtM69I
582,29258,myRkDQ8dVec
583,28872,ndzfbMS7upU
584,15456,uUIFK7i9lek
585,29972,mGNRIRPMIVk
586,16125,zIFLUVtU7aM
587,11841,0bjbykvtmKw
588,26118,GlwLMs1cjdU
589,22636,22v__7HSSwY
590,30119,EqrIt4Q_Sck
591,18474,hibFV0HKwvw
592,23581,95PAfV_SwXE
593,42410,cou-wVNxYmY
594,27904,p4cKDOA-nD0
595,11201,CL-kIbr25Fc
596,27251,4TES-BjZrVM
597,8523,kwQuTvsSBug
598,18142,TEGYGfunXzY
599,14924,7IIz8wgEMfI
600,36466,ctONKQByx-M
601,36702,9Z3f6tpMxKs
602,39010,FyS8ELbafN0
603,31598,SngOMRQ3gDI
604,42242,rDUI39isAKg
605,33161,Apijg2MvbvQ
606,33998,kDstiF3gAwI
607,37741,PDu1e6S_gWw
608,33238,nQU-Hq5MnOE
609,31766,Qwfiw03FAmM
610,35691,Txg6JvqMjfk
611,29448,NwvJIJFy_oQ
612,34138,upjSLLd7qZc
613,36691,zRekXAeJAsQ
614,42669,7BZ-AhjQ6fw
615,35222,fOD5bSD2GCo
616,37287,bXzBCmU-E9w
617,31042,k4ZlOf0ev60
618,34907,W3OQKDaTPqs
619,34209,sjS9NEqz3ZI
620,29845,BMU5th0uBys
621,25486,h40OQcbtHa8
622,23015,ZXYPyxxnQSI
623,23665,jznc6hYoq54
624,46818,35CZ8XX_3-Y
625,30444,sFGKMFVQzJI
626,19619,Mc7thMc1Amk
627,39062,oqSs6BY1t58
628,25906,YTan4wTdQj0
629,21697,Fp2M_8O9-uo
630,29043,-FxhlhOY3vw
631,32652,fDy_8JjhT5Q
632,19362,uasF6Wqm0pM
633,48848,n-AeHgAxnuo
634,21919,WXujMJXyKLA
635,20248,c7lpsiJd-Qw
636,17183,7GRnuNYfOeQ
637,24773,DH4ekS7_VG8
638,27274,2LvppnvRkcM
639,41434,lmLdyB2vKM8
640,37853,lAW5fqkL-Fo
641,26056,wXQYw7ChXM8
642,20950,yTGiEKNVnk4
643,31183,IhSkZxWvO3M
644,30069,6MyUnwxmzpU
645,39309,-EGJko2x06M
646,35261,M6o85L7hIPU
647,37806,qaqkgPeprTM
648,37553,I29D_bEoeUM
649,20069,FdxrQxCxz9I
650,34173,KWGaYwRmEA8
651,20739,Fc6d0eL94uo
652,31209,BzLi1YiYtnU
653,28368,BYPWCe9Q6ag
654,13454,yPReuN_brOE
655,36462,3lHkGtagE68
656,14125,kQh_WCEyNrA
657,24897,Fwl1HtQ-OD8
658,23645,0sONa5L20XI
659,13593,-agZ9BRCjbI
660,25782,9x6yOwR7lSk
661,12184,wkrexnjF2Hk
662,29831,SgcSzihDonM
663,22714,XB65-hz-RkQ
664,25590,fNezoTg7H8A
665,32364,ZgtbvYOFDgQ
666,34524,e5vzTMVfAfw
667,31452,kwRpo-ewQrs
668,34111,mZF9Xg8ets0
669,37485,fz4gqz-HDqU
670,29343,JjVgwEobULM
671,11069,OIjg_0Qs228
672,12569,v5pyPW35z00
673,28061,-dPQJuvPQtE
674,35942,vrV7S3w1e94
675,35261,POTBFevHrq8
676,31568,OQfGZ6yGcYc
677,36452,DGkXa5HYoeQ
678,14011,WmExjS1udbY
679,10769,gNTBKylVJZQ
680,51834,ZJZxiNxYLpc
681,12478,TBInd2v-inE
682,28151,U1pEtrEr2_s
683,35783,vouwmf2zWtA
684,37193,42q5QrwCJ9o
685,35430,8PY3PM2-Fng
686,29938,wrxcOoE1ngo
687,47608,o2Y18P3TCjY
688,36496,6ETRxCJFxA8
689,41269,IBrL8J95Dhs
690,11145,Cr7fYffMI-s
691,12207,uPNHESQA5Vo
692,32904,Z1o7f0vnKCY
693,46739,WZBnoVVBay8
694,36116,HaucvIBQaHk
695,46814,5ye791rXo5U
696,41749,WJzCT7DHvJk
697,24899,Pl1fb_itvNo
698,20152,F402YMqrrHE
699,8888,rSDpBWTJMUw
700,49950,y6ipdGIpaag
701,32848,sf8RkqPVxAk
702,47846,EG1uD75LPaM
703,40073,wkdHH_OmQq8
704,44442,OfiETPFpfho
705,13745,svkxbBWs7nM
706,60292,DqnsKjq9AHI
707,48111,VpnxLg97BAE
708,56786,XLiHqSUWNDk
709,27173,aKeP04Ag8A8
710,20362,jRL0DiS1QtI
711,33771,uu8jhWHTqhs
712,34569,PE5zJ-9iEms
713,19659,VKk5InnxFes
714,31069,KMXj2LrQSZU
715,38940,o3zU1lf_DL4
716,61286,jvxiGUmux5A
717,57644,ZWmQS98ua4M
718,31539,wDO-Wl4Ui4c
719,10883,Azzpz8FGuAI
720,27166,ViAb3vYIh_8
721,40537,9aUdR9RyInA
722,28719,8HzxeW2Hw30
723,33175,YH7eGh7xc-0
724,49436,W2MMkkzv_x4
725,53638,1DEzdx3m6EY
726,42106,nLQhpGwT6Gw
727,28181,YjQ5T0VVtLY
728,35934,CxZOZ80nnjQ
729,40379,1M6rOn_YGdo
730,34223,8BZPy4s9kNs
731,24547,2F47LxP14ds
732,36153,wvMn7z3YSps
733,40797,AWLUEKuGLKU
734,36517,qRUB48ZdcWQ
735,38796,1zMCEEdTuW0
736,35089,LjVu3Hxg_bo
737,49470,TI3Ew5rM8Ss
738,35786,nYNyI8F9n6M
739,26331,MJQhoaz3Rs8
740,45687,lu0_lTXHICs
741,42293,6-V0tqHjwHE
742,29200,jHJgV6JQVd0
743,42032,Cv7S1VHT2Aw
744,31228,zxFhSk620dw
745,16310,YT6YgF_Sams
746,30989,HN7YO7KojV8
747,54751,N17fwxeBTWA
748,40181,HdEkZCO7K1c
749,28871,tn8Ib5vlmZY
750,34023,ADj9VoMVD7E
751,31059,0te8JEBYhVo
752,42729,JMYQKHb2ToA
753,26047,ZcDC7om3HaU
754,43245,KDgMaIZsrmk
755,19411,iXRV6mcZUbc
756,15494,dc6c6oWWr4U
757,23297,v-_tEWCytwk
758,11175,RDBXTq-ah6o
759,13089,t649YjYzpiY
760,13284,n1fVyW3WNOI
761,12665,UNsn7dt8QOM
762,14028,WD3ZFJbKIp0
763,9364,GFx-tVM7orM
764,9969,bcx6twUQOGY
765,16740,pSNoQe0C7Ak
766,19270,6Yasv2X2IEc
767,4009,_AoGNiiKbgQ
768,7692,scXp-qf-XsI
769,8614,1Tky5s7gej8
770,7210,x1Idh2fnWTQ
771,12815,kDj6UBHN-mo
772,13221,WwD0b0TmXag
773,11385,eX1juuoI0PI
774,35328,Hkm0yjdbCbs
775,15316,39VtauqUWeM
776,16735,EgIzDeC-Fto
777,12787,7941RUH3KWY
778,14425,W8MrW02tYSk
779,9201,ZMd9R9Y20sU
780,16487,FlMDvsRJPj4
781,18558,ivYJDxXUfaY
782,28401,m5f-YROJunk
783,40816,Uz66ptmjptg
784,15609,u9sPLc07E60
785,26688,ENzKTuQpAlo
786,20133,vFMLr6gcvOY
787,20101,xsVkL25lcSw
788,19862,FGMBtEx4bxc
789,24166,lwaGO_0fXrw
790,15255,_hzlDSfGWhc
791,15417,3jaN-_wMjTk
792,15277,veHxj7q2HAs
793,19908,xiYI5PiUz8Y
794,21666,yM_ZjBlBrGU
795,19035,F87sOW0v1RQ
796,23650,7L4JdhXPIVA
797,15883,UrkYu5xjt3s
798,10726,Vac8ZXpG9hs
799,41243,qTtAkBMvGDI
800,31307,MKzzJ45_rtM
801,16187,5Igyrnaa5LA
802,24303,6ul6GBmDwkw
803,38257,z6gxgemisXI
804,31838,D39pt6F45xw
805,32176,0sepPNmg-SM
806,37439,Owa2w3YiUFs
807,24630,y_m4BNNM6TY
808,29176,Im5-EPVsWO8
809,30760,Y9_2bMcAEPk
810,31022,TjqQFOY2RzA
811,28023,EitrprrfMkA
812,37292,IXxGKwLj0lk
813,38947,oKoAOxPM0Fk
814,29544,rH3o75sWK90
815,33860,yJA4jRKL4IQ
816,36934,e0AXQTNBCIk
817,38728,vGllqmrQdIs
818,33928,6HJf1nT8tuc
819,36690,HQRAZH8W-wM
820,15543,RG9PctMOkOM
821,34953,ED5vHa3fE1Q
822,29152,i2m3BZGNeA8
823,34324,dOHLRqVleYo
824,29404,elLnrCPNDu8
825,37681,L5aFf7V_jrg
826,8496,KAeHK2-s0C8
827,32454,VAxns8ccD2k
828,30847,twYuUJJSx7Q
829,35598,GYoI8mlrvjE
830,29269,IxKYoY8n3ng
831,7909,9VJQtwK_QvU
832,30601,s1cvYaI27VU
833,27324,1dXaTrqxuxA
834,34460,paKCMxAr72c
835,28522,GDqu4b5ghKM
836,26233,N_s5-dPn8sI
837,32686,VlKwKt1nMcU
838,5456,R5InFGiHGuo
839,23706,Ewyw17bmD6s
840,24111,jYf7nr-9Xp0
841,11942,y5YXAi75Adc
842,32060,USR5zm4Dhb0
843,6917,bEDmGQn8n0o
844,14123,FeM4flC2N4A
845,17842,1H2yt5lydbg
846,17638,zachVVtj0uU
847,9150,2wNyRFkfBwo
848,16183,uWdlfNKtZYs
849,17276,209FKTpSYKU
850,9812,ni4rrU3wQs4
851,9634,CDIDZhgazpc
852,8086,IVsGSfUtoqE
853,46713,lFst2CPsdcU
854,23668,J7FmtQnczV4
855,19483,39QgxLIdwwQ
856,13729,PooQM2OLC8M
857,25705,GHxpeTUyosY
858,34220,gRWWZIXasTQ
859,25665,3J4MCQMPR8A
860,81556,GmdwQXdrLjM
861,16144,k0tmI8CK1_Q
862,31092,9rVEiXHrok4
863,41971,L66c933JE4M
864,29452,a6cepxKxNK8
865,41223,OV0BQI55gD8
866,34453,MhLH7rZHfcI
867,34279,5HGqmJLq95I
868,30251,ktWo6JCicUs
869,34525,qpe006w9V4U
870,27933,hCNelVA6OIw
871,31074,hUy3F-Fc_gk
872,25569,MMN6qa8E3vQ
873,11596,WCFRPjL8FF0
874,27421,oxDJ5pywES4
875,27134,7h8DXeF878M
876,32021,VnkQ8wiolfc
877,27555,9Ep2pYE5Kow
878,28544,ouIK8VJ3Us4
879,26272,_pKmXJRPGkc
880,27507,J2hYeIlftRs
881,21161,-hxhhQ1Yo54
882,33097,DtWCMx0JTvs
883,24773,LMTmBhpIPMg
884,11435,3XWIKudPn8g
885,37165,yyxpTpj1cGs
886,37421,ovhTZ_xD-Tc
887,26987,KcP0z87xeq0
888,22039,pptBk3rv9ac
889,27033,PF7n-OeeGRA
890,38394,KYmsBoO2GDA
891,25895,5HScI4dvFq8
892,33313,UaBNA4rxUBM
893,18757,6v1VwFC6MdI
894,22336,nsfF5H317fM
895,11903,hVr2TwoxEcQ
896,35568,avRH5SXCXxw
897,30763,yz2zHQ0wu98
898,22092,YbtaCnc6Ibw
899,5444,Al0uoi-th50
900,12791,CIKAy8_cwfI
901,11571,3r_8LwmSF-A
902,18455,Wi5x5pbRMWQ
903,8504,d7hCqT1WlAQ
904,16127,5-jIW0nhFv8
905,12238,Vc3QAGQJw8o
906,12124,K3CPWbDeUXI
907,12635,S4w62Hbs_TA
908,16757,Noae9UnQ9Ps
909,14104,Eijnq6uM8s4
910,21661,AmOf1YQ5BaI
911,8169,W_KWEdUlfUY
912,19520,MvOTATcgfQ0
913,8162,Uz8W3jsuNlI
914,22943,dtPaWoqArlE
915,11590,uJ-korlNheY
916,10615,DFrRfdzD_5Q
917,15137,M_W326_3Dc0
918,12881,ahOK9JuW9Nc
919,16739,Fwt5k-mZN48
920,12323,uHCS8kgGjQI
921,34051,T5Ibjem5LHU
922,12274,PxnGZ7WF754
923,27068,lrvCJnL7FO4
924,34197,eGLuJGFzHBo
925,33708,3hwZTGZC4B0
926,30903,XxaEotXuDSg
927,38076,c_SIDk6TW_k
928,37136,rGUxVsbSl2c
929,24345,lzaAQzFUBI8
930,10323,-EZTgSA5IUA
931,9612,SzWoRSrmI4g
932,28259,UdZw8uGjZ5k
933,27005,QfS4OnNGo8g
934,26408,_-bCLTM8pS0
935,36580,MRs4pbueVvY
936,18101,lmeKOZGuPm8
937,38642,hjctllD-xXU
938,31888,UbGv0PMUESw
939,6537,Jo4zBfV20YI
940,30896,YiTcDprj4vE
941,38161,ZHNTkEitdco
942,34036,mqVJlO8aPjc
943,20063,aWwzADZIVQQ
944,34032,lDklt6Uu06U
945,8820,untdSfmhiWo
946,9532,vm6_6z-TCBA
947,28039,eJS7BJhiyuo
948,19933,14fSqH6NZjA
949,26430,u1B776VoM1w
950,23490,pA5Ib5FNQ3A
951,26126,JbFCpobWp1I
952,34089,tIJZZtotEBM
953,25066,SAx2-SgbC9w
954,25682,dCxnao6bYZE
955,20861,5Eo4mk8Wgdc
956,29696,koI2aKxrQnw
957,8058,nIy8R5OI28o
958,5466,MyRFvD_sKcw
959,7109,YXZ7KdGxooU
960,16857,oVDWyKny_DI
961,20399,ETYhGA9vAoE
962,18317,-W6PEaFQTvI
963,26317,npBIxmc7dLw
964,23687,XEvvkHdPVeo
965,22418,qlYGZMsNisk
966,22765,rYvIKWVaZtQ
967,22414,pSeEUdvWYxY
968,31081,NA6qffcFUp4
969,23292,65HKaiXwFXs
970,23776,Ie5Pw2BLy1Y
971,16837,OGe8nyO5_6Q
972,23631,4E0_pR3IHiE
973,6636,o5xuvAsWU84
974,19788,rfDvkfROcvw
975,43509,__TMQEmHay0
976,6938,-KnUCtQ3KOA
977,28767,5fEDHVyclaY
978,7408,gvLHAz3ERNk
979,24532,eLWdrlMT5Hg
980,19507,tKujQ9ziNMU
981,33360,xOHHfTOOHQ8
982,7567,Ip4tyG4YgZU
983,23978,5fF7HKkv4vk
984,8817,4kVESol6fDY
985,28324,qN1Fbp9crvM
986,34805,BnWkt7oRyQ4
987,42342,Mz01412xu54
988,31305,UcLbHHV4Tr0
989,31005,1Kb8QQsUmuQ
990,33089,9kGmDRQMe4A
991,43381,4JnjR3DnLzI
992,35913,X2slR-BrPUs
993,30834,YIUkACtQkQs
994,31532,NJ0W_YqPV3w
995,6210,hjSdefYiNAY
996,8238,cFqqrIbb0Jc
997,10658,a2iM73XnAI4
998,7067,mi0yps29oj0
999,9794,ZqEgpMeflmM
1000,20144,4teSMxqPOBI
1001,10031,7GM1aMzlf38
1002,10710,HvXfT4zuUdI
1003,11132,9tM4pRwO_tI
1004,12772,MIGxbNTW8Z8
1005,10020,JtW0hz6TFLo
1006,29773,ZYkReq_Gknk
1007,6624,6J-LTcpLlyk
1008,11144,MOyPQRwZjgU
1009,15711,8kVOsUB2vzQ
1010,8366,SB9s3xwJRAE
1011,10304,8OfgCuVdirA
1012,11845,nt3VWMxcFyA
1013,14715,hCYOaPzNJqo
1014,11048,SKU-IOCZuho
1015,8853,4M8k_1AwIak
1016,4427,Zf9R3I1GYh8
1017,2695,mWuhPsif2T0
1018,12960,qk6cbgtVV38
1019,5800,pa6DuUpyTKg
1020,31064,BDwdpTNi8Ro
1021,22657,2cQk70eTBfk
1022,26034,fOChH6or780
1023,28912,C_5BUzbxivY
1024,9497,HI5IsG2OoEo
1025,31184,HPYKDCiRGwc
1026,27971,x6GWVp3PiJU
1027,9189,jZwBWqtpEJw
1028,19330,mx9r-WPtfFo
1029,15488,6HkcZjGrcV4
1030,11647,MCDxrpTk5Qo
1031,34349,u30N1NsQyGQ
1032,11173,DYqxmvSU4-4
1033,7619,EdUv9FlNnN4
1034,10979,JwQl_gMxY-o
1035,24938,aX_dflkfC6s
1036,43353,C1PMVJku_VA
1037,9669,LJV6zT21Fos
1038,10410,yd_9Aj10EgY
1039,14162,GrdLmHsrpb8
1040,32863,gS1RBHdYw80
1041,23322,xGIP-0ExBUA
1042,30505,G5-0KAp06ic
1043,22249,yzt-RUoKoR0
1044,14479,oIaT0yMTbbQ
1045,23581,kk7G0dY_zRw
1046,35833,qUn9uhd1vJA
1047,21247,AIuMe--nMrI
1048,24173,nGyRwJgWFPI
1049,34248,IvOiqZfXBlM
1050,20769,WEDPvVaHFY8
1051,21480,sZSyNaNKp3o
1052,22945,2LaqcJf-TH0
1053,51656,TYriSKPiJJw
1054,24681,RZCrSoduCxE
1055,21225,aGrFimftaRY
1056,42335,_sdDoIBCkY8
1057,42213,TiaqA8pP4kg
1058,23454,gV9PXRVXJak
1059,33061,-a8SYQbMF2k
1060,9284,o9VR-VzwCtw
1061,13031,BygQhPAlGUI
1062,17658,6eov4cFW2sc
1063,14877,8Qrng_MWG-c
1064,36330,E8lmHXnZr4g
1065,10730,TuTpouH8hlM
1066,7755,JYd0rsDM130
1067,6741,rA_Fn944uNI
1068,11734,1igjB82Ezmc
1069,12773,j2LwSS70wyw
1070,32329,4mfiw62AzT0
1071,9253,0eKHw0iBnnQ
1072,14503,7loE5hj0P5w
1073,9430,-BBcc3MaB5E
1074,15308,tnduuyGzXQ0
1075,13943,c65rERieTyA
1076,10072,cUUel5_vqEs
1077,6887,Oj1qualw1_Y
1078,13378,ZIJ5uf_NqOo
1079,13618,GPYHAoqQWn4
1080,12579,FENs3B7sxno
1081,14660,t0-TQL_g7WM
1082,17713,PgRLWJBNa94
1083,21529,EtgXo5cxR-Y
1084,40547,jdBoIg3PuRM
1085,16594,_UhrSY-tnQ0
1086,9978,Xj3eU5oElnA
1087,17090,Llffu2d1lQU
1088,41335,W0Oqh2P_qxU
1089,20572,HWiBnRrpCtI
1090,10874,G55J-psK8K0
1091,40525,NYBb8wIfXDs
1092,33950,WB0MpOdePUg
1093,15314,2PIEyQQqMPg
1094,20312,vnG6MZ0t9oY
1095,19441,b6vzsk3J89s
1096,16173,hbaC8V-dPw4
1097,16201,10dmVxRfBC0
1098,7882,4rtavlmJGd4
1099,20346,un7Dmd9OdwM
1100,21152,SM7T5g2U_jM
1101,10931,7FAwlDi6eys
1102,16684,6dle8Fmcf44
1103,14926,wkZacPCAkEg
1104,17377,Vpnwp82ADbE
1105,8915,widsBRA3ywY
1106,13374,ocyMx96_8wY
1107,18323,lMn9OO71yac
1108,7703,yuZZL9zSsN4
1109,10116,2pIVUmMNHjM
1110,15474,U2AhF1wRDUY
1111,7044,XJ8jTf6A6iI
1112,11567,rjqpQKePxAM
1113,14938,a38IdpGLGl4
1114,15201,EbHaedAxi5k
1115,22476,Z5HGxlrTsQk
1116,14284,ie7majx_hxo
1117,27288,sHu8KfsY7jE
1118,25248,QPP0SaLNzF4
1119,16822,hbWDpcZz9tM
1120,21853,OeNwFQ-3v0M
1121,28816,FQorqoLhqq0
1122,22616,xRibA72QdkY
1123,23376,3UBxDqNq3pg
1124,16935,hOGasBldTYQ
1125,28840,gping-mC8EU
1126,24551,NklNbsajcJQ
1127,18519,paXRcdcXjIY
1128,24213,fKTwKxr3q6A
1129,11511,7tYJ2adafKc
1130,30488,ehprVfxImD8
1131,22889,aKStWQBYaFs
1132,29570,G_1ut_Fie-4
1133,21866,mF4ICRlfcjk
1134,20099,0TSMMKXSdcs
1135,7889,XZbGkQ-UFYI
1136,11324,JqaHfWpf0Lw
1137,23432,GF-IEzwcH-8
1138,14347,cigMkmsNAo8
1139,11392,YBfTdI5qffE
1140,16855,x3cDF7Ru-jQ
1141,11796,qephc1Th3_w
1142,20710,qFNmqehYtt4
1143,15807,XMbrHh7z8sU
1144,24343,bsI1srmYYQc
1145,10124,uLYefSYAMvc
1146,15668,3BoZQaxh5uE
1147,10146,dt-5lL5XyOM
1148,19408,0IdxdvmtoYI
1149,14823,0YAXPYkCdMQ
1150,8650,yziaq6Oi-WQ
1151,19978,_t48SHtHW1g
1152,10992,uDZjqb6bxjg
1153,10440,BxUKvMyu2oI
1154,46870,cFqdd7LwJ4U
1155,12913,6ZtRTa_RkAo
1156,11176,hlrRK1I8hFE
1157,14839,2UeuhAQ7jEU
1158,12694,Qu_-oMVwE50
1159,19046,FuQfuTywQzo
1160,9069,Ir9AsWXYWQc
1161,11885,aNyDinNEB_8
1162,38517,h2X1SAd8a4w
1163,12948,wviMvGJa_wI
1164,31976,zcnhHmYahnc
1165,7674,xhCebFl9zXA
1166,30557,et-OWRPkQpk
1167,8619,rqz7_f6JoPQ
1168,9520,DkUWLkhJNtE
1169,11045,Xu1IEiOGtAE
1170,10484,L9sZJXwA7TI
1171,10145,_KMVcRup4Q4
1172,7667,4_Vo5R5IZJk
1173,9147,4n6ITy1HbVU
1174,8309,I90SQ1BhdPM
1175,8284,G9Mdynx8lxg
1176,9109,hhigVMGghNA
1177,12851,H1UNFlX3xxE
1178,7974,KOCRUNmjLrQ
1179,7915,1wIotOyKxAU
1180,32503,VgRpkaRclA8
1181,26728,Sa0zFV1yPBA
1182,34903,tJVXl1at4i8
1183,11330,H-LkrmYEq2g
1184,10842,pYo8gL2GBoc
1185,10083,5ltn5Mxhsv4
1186,11986,60SK1oAFLhQ
1187,14689,i-FRp3DK2tM
1188,15030,qUDyWOKx8Vw
1189,12473,uWjc70ruDfA
1190,10727,n3FVvwvMNbs
1191,7369,uNlK2LgWDYo
1192,7739,ldnU4RQpJ_A
1193,10722,eCTKFTAAJSg
1194,10681,ebb7dei5T68
1195,31725,x45MiPsYy2A
1196,10533,mmH2Hx1H1K4
1197,7390,JDE7j5kBgWk
1198,10083,jO8l1LIsQu0
1199,10316,P5tStUhvyrE
1200,41293,5kuHd7mBNuQ
1201,23305,MYsbskhberw
1202,9543,K8zqrszmL4k
1203,27298,EiAyPolLC_U
1204,32038,3yh4ZJZJr7E
1205,29569,DCI1OeLFWUo
1206,47603,aBlCbbGIpxY
1207,38713,vpngSW75Vrk
1208,33090,hhoebDu3xI4
1209,8244,_4BYSdhuVUI
1210,22976,Ou5-UlnPrVM
1211,42062,GtUt7iebnKo
1212,44891,Fxmfvk-QFGc
1213,38710,eJNXfr9wevU
1214,35301,Bgfeq2dv1L0
1215,40569,yvcRlL6Daag
1216,29712,34tiUZ0AjTI
1217,28580,OXiSA1OEX7k
1218,40061,krXRajl3VPs
1219,14599,8I9QZdwthHc
1220,12528,FuKKpd7kxGE
1221,25841,flK6AjBSasM
1222,14477,xOUGsYcPwQI
1223,10457,JUV7G0l7t6c
1224,12397,yad6tOfkejU
1225,13042,qLfiqOiEKPY
1226,12024,F4jltHjwWhU
1227,13899,jKgGh5a5gFA
1228,16550,RyTT3Yie0sA
1229,12972,I2wLiyWg7NY
1230,12820,MXOnKxgLj5Q
1231,13131,Le0Ztm0HpiY
1232,12288,52Deq7sOdgs
1233,18969,5iNa6ob-ZW8
1234,16098,OOxFmFeTIms
1235,15798,L_sR8MCBVQM
1236,11798,TfCgn6Z7FXE
1237,11798,Pbk7rm4vJPg
1238,12231,npcuWeKnkj0
1239,12748,fcaM4PXg_34
1240,17924,90QCw2xh-IU
1241,17899,eI9-m6NqBU4
1242,16116,x7qyO5VTI5Q
1243,14825,PzA62ZkDyps
1244,12767,ufZFRwVqakQ
1245,17698,vGQYY71aeX4
1246,11952,HWRXX7O3Hc8
1247,18302,aq0Y4CPygEI
1248,15002,w_-P7gydWxI
1249,14766,WBSM9Qk_Kpc
1250,15443,clKn5OKF4HA
1251,29923,6SW3yvNhy8g
1252,12178,AlNu1chIi_c
1253,37634,CCRRJiKx1pc
1254,16796,g35v7Zey4MQ
1255,18871,w6dwmilVFug
1256,15763,c67xj5ZzbkY
1257,16087,FzboXsKiAhU
1258,8505,YsWX5RLLXFo
1259,22682,_J-vqBQeSOw
1260,26770,1bBrPAe9biU
1261,32628,ALQIva9LjCM
1262,34428,OfRGKINRHs4
1263,37483,lqGcVTvVQ_0
1264,25962,ClgBEHuNtT4
1265,29720,z4JelKzBB9U
1266,21464,8y0ZnYtPZa0
1267,27301,uYutf-XleL8
1268,9320,JgS8jh08QHs
1269,47058,1jndo_dAHb0
1270,9361,h0LWH26swE4
1271,18850,Btuvh07orG4
1272,15254,H0Vnh5JnVHI
1273,38871,faZMjnanBDo
1274,31702,9PSR_LNIu6E
1275,44731,wN3mHRadsuI
1276,27244,c1LL4n-4KEE
1277,35218,a3YjkL1qMIs
1278,44447,4x3youGulZ0
1279,28146,U4UycYXHbi0
1280,23370,biiwfJHZv98
1281,10298,vzYMLX8xvzw
1282,16555,o1zJQABHTGQ
1283,19004,E-fSfYdMFQ0
1284,14672,l5JcDaY1XTI
1285,13685,JF5Qpn4g4_8
1286,14825,lU1XWHe1wOg
1287,33610,9EfoZ2T0jSs
1288,13143,AzBtyEjWeyM
1289,25571,7qUQ9NcmYuY
1290,12995,PEeAn0zAteU
1291,33234,s2JQqpFmHac
1292,30934,zuJXB0kQvAY
1293,31988,Q_Syx-rC8pA
1294,12084,nG7EYifJGCU
1295,17786,Hwv03sMqTOQ
1296,13762,vUAG4vEup0g
1297,19687,M9N1AswUcOA
1298,20034,qKLKOnGnPMU
1299,14306,xiqP1gp38uQ
1300,19725,nlaQ28E31aE
1301,18537,ePZjSPCixIw
1302,17276,LYnEk5wBjww
1303,11660,TuI1Y_d1bl4
1304,21562,JdTsrqaXntk
1305,20540,T_Luvty7I84
1306,21441,xLK2cPonC4U
1307,32981,6BTidYXAApU
1308,38057,nc1-6E4VmmQ
1309,18116,jrPGVaAEbVE
1310,11184,VNd8T4F2tz4
1311,10006,BHdNczj5SkE
1312,30535,NkM_4MmJJM4
1313,16894,LbJNcV_xflI
1314,13644,fgLWaEayNY8
1315,26803,JeojNk0AK3U
1316,50251,vPJwn_Kdf38
1317,34259,x9nyInVYIwQ
1318,30800,UPLlHKACt_0
1319,17580,8yJAEgN_PAU
1320,22176,db5hzG0dlfc
1321,32822,aNjoOja4QhE
1322,54356,gak0GI2vCjs
1323,39419,1xsQWZzLGDQ
1324,29385,PLNP1n8YXVo
1325,22850,yfnSqhlhjao
1326,11693,g-y1xNT4Ukc
1327,35590,GYsfiEDmp-M
1328,22105,YybkSQiLSPw
1329,15691,CikfG46XoEY
1330,10675,ndS_XFEzDgE
1331,28458,_nUbjG90rgc
1332,48508,V1tlHLeaO0U
1333,63009,_xQI1L5Wqhk
1334,25737,cWD_fpJVxdQ
1335,51168,zIlBPZa2Tno
1336,52191,Z6C4txrAd_o
1337,54752,a_svO_tMbwk
1338,23806,QIV-33oJRGE
1339,11074,cetS2gqvZ_w
1340,36720,ZSNj9KRO1iE
1341,20645,0wY4vctIzC8
1342,24554,vMzuBJ8OpBM
1343,26897,oaXWzr831cs
1344,12966,ClSeuH9SBrM
1345,9090,2-NkbiXgIYM
1346,25708,ycyODn0uwzk
1347,7279,NgXxHS-AL5g
1348,29470,nXj2F9j0798
1349,8807,yPaEuq9y_7Q
1350,37233,HL5L2FuaZbU
1351,28846,E0EkZvamnkk
1352,14719,YVLOKSCM2M8
1353,28682,cvYdE8fugLc
1354,29442,LwLclBi15aA
1355,38668,GRAE1rfQZTU
1356,34394,DMVm3_ihggg
1357,39028,ephj7bqwQww
1358,34776,cXsDZrT6Dtg
1359,36500,rTHcj0mSJGI
1360,9039,6Py4w7bF7Rw
1361,31462,ByWkXstV1Sw
1362,17884,SuBd5mV4NEg
1363,32057,GgU78rxzDTc
1364,3206,K1KTBdOimzQ
1365,16264,9ZgY7f6J9h4
1366,37834,X0GBfVO0vb8
1367,6307,I44gVrko6mk
1368,9061,HRx3A1khpHk
1369,10101,aeoi1ZW6_NA
1370,16475,6gy2CsMZxKY
1371,10526,d91GLsbIm8k
1372,14420,1i5hcB4gwas
1373,16785,nPkfGJYcipk
1374,36150,8X7J_JU3NuA
1375,6615,uqcZaq543Zc
1376,9638,0G7X_N-4SoQ
1377,7986,AdzdXBGvX7M
1378,14663,lLwv3PtBFrk
1379,8738,0CLDWTHZkRE
1380,9028,H6qYdSBHW9M
1381,12133,bHIwy7SnMtk
1382,11228,2kpggAXrifY
1383,5083,5dxQUU95M-Q
1384,17198,yiq8ov82v_A
1385,9263,rcRAUQj3O7Y
1386,35638,ZjOj9xQWnuA
1387,10352,i2LARdq23DI
1388,35871,WEpD-xlnoZI
1389,7950,gu6dYd_SgT0
1390,8700,TexL766Bu44
1391,9903,MCO4KX4ZBRE
1392,5132,CWfPZ6VpDtQ
1393,10190,IRt8GRumho0
1394,6327,r0dQH1YvLqA
1395,6981,4pMHi4gzK-E
1396,3413,Zf5a_n94HwI
1397,9878,pLrdq4s-Ds0
1398,12377,N3YmxQJ5Xvo
1399,6830,GgHy71rHKI4
1400,10127,LHeDXsi085I
1401,11383,TrZWcpJ0vi8
1402,18661,LATcwQN373w
1403,11778,SzCxb8SnNmg
1404,19478,YmbgyRI1v4o
1405,7201,daymnG8YTFA
1406,10907,wAHGCMiJWS4
1407,13549,LYctiiaa12A
1408,27672,xflZUq9ycmc
1409,9952,hGfXg_B_-co
1410,13148,kybTS_2JIMA
1411,8688,O12scE1_Xkw
1412,23903,TZbniE3c_nY
1413,8895,ZWm0TLAS3pw
1414,33379,8_dMQZ_t-Ng
1415,22948,-X99tnhAnYU
1416,24192,LkvboUpFeqQ
1417,12612,49yxr5uvdfk
1418,9301,ytVgCWUsK20
1419,22991,AC6SVe0sSQI
1420,14955,35ynI9gtWwM
1421,7712,LohoxHG1rU8
1422,8249,uwDpVL493q8
1423,9450,7z0WtOtHL3c
1424,9406,2G3iEgrR0Is
1425,8988,RM4SQdT2JE4
1426,10662,HsKp_yvCsoQ
1427,10739,TqgYgEf3wE0
1428,9929,p-9MifDjR3I
1429,10228,2J7EPckqMLY
1430,9382,sYiR-iB7Pzw
1431,9568,LmA8n_Z4OE0
1432,7803,j0byDVU2F7g
1433,11067,KIT3oIGXfh0
1434,10145,qKWJ0fYrHX4
1435,10249,yZQhYmTFcE0
1436,9338,TOLdwEppoiI
1437,9125,cd45eBHo1Lc
1438,8851,NZgB9CxBT88
1439,20892,8I7xwT3Izew
1440,21524,lIphu58CwRI
1441,24811,gbqffJ9u_FE
1442,24668,zXpr7KDJgJo
1443,16067,8VXp2sITGhQ
1444,55832,ODnuiohknTw
1445,23618,pc0pnx_Y43I
1446,24054,JLMf5Ckz1fg
1447,48853,CgS76jcXXuU
1448,62621,o9S1IdPhK5U
1449,17274,E6qts1ldL74
1450,28412,PaE-8rqTIMY
1451,16584,tVdYy_qvpUE
1452,27216,GysqUMW7Tdg
1453,12151,hmf23DvkjoA
1454,13472,Pl_j7qX0XyQ
1455,22969,dP3itjGbrSw
1456,18236,Qj5C-G6RIjc
1457,17665,5OXeGPdem7o
1458,7783,s0UAV1XZY_U
1459,13872,Zhbu4TqsorA
1460,20607,cxvx1kSqbJc
1461,37529,D0e_FJR7CuQ
1462,6190,qM9gFsL5H4M
1463,26214,_MY5MRVYaEA
1464,11738,4TkGC-6Osnk
1465,13414,qerH8nAImjk
1466,12099,UvHl7eCenJU
1467,13899,vaOJlTgBuKQ
1468,10542,qAmkl1cO_rs
1469,9800,w0XVQ_VmlTg
1470,12193,WoqksOI66PE
1471,9285,mDqiG_iDllo
1472,17924,rqpTYD-LbDs
1473,7797,zMCEkkpAl_o
1474,13949,PKidPoT1hUE
1475,23874,FYV6kXNlfHA
1476,10002,KyRDmRm-Rm0
1477,8286,zh8p_jyjbE8
1478,38713,NW32Y5_pR-E
1479,8437,3oPrDaW16oY
1480,20580,ZULwXGPeMjA
1481,8778,i4OV6qAsT1c
1482,12775,P0m_f16c5vc
1483,21776,GlUOt5NC824
1484,10244,s6SsMBH9Yfo
1485,17742,kLMEMl2XLOs
1486,12896,vNNJ9DgWREY
1487,8778,lVxSWj9H7R4
1488,16796,FGA9gtZ4u4Y
1489,8266,FfUOENRb5UQ
1490,10829,oQsiutyr0wg
1491,17206,H5kUgdeVxQ8
1492,9567,26dQAt68cSs
1493,11509,1Xs0QEzqScc
1494,18926,G_tgoOIKsiQ
1495,14806,44O-JxGVurE
1496,11789,rAR7nzd0NYI
1497,7132,DgRZS7XMVl4
1498,10595,oolZNpYIQLg
1499,13607,JWIz28qGbcA
1500,14510,tyPdVXJYtKE
1501,15250,Eubwtk3HzKE
1502,9625,ZTc-XsnfF6k
1503,13228,cgjgNlVDtZE
1504,8735,MRIuiyrrE1U
1505,10421,FSBpMpYmmx8
1506,8837,3mJQ4yz8bhk
1507,6854,GGZ-XmL51Pw
1508,29408,u6rGCEVQpy8
1509,9109,cdY8TNKKEUg
1510,23523,btJjP4Nl6Qw
1511,17370,hKFJ5Kh-TL4
1512,24580,kWT_jJ9gIck
1513,9354,v5-Z1r8_fZY
1514,8325,Has4HvnPLeU
1515,16496,Hkgr0PKYFT0
1516,20625,psbT6FMvz5k
1517,32537,FsjIqA9y9A0
1518,18640,ETiaBsWH5Xg
1519,7350,FYOYB4XMZMg
1520,17381,LjGJnYyTmt0
1521,11758,d9b_y0EYKaw
1522,14994,70Q9M6_SWEc
1523,17744,w7SYXE77F-0
1524,8252,8AT0ue-4KNI
1525,12324,cbSDr_Yc4Es
1526,8746,PdZqGsh7hAI
1527,9200,hWzKGmnoYSY
1528,16832,hSc13bDjpKE
1529,9127,arTsBzpChBc
1530,13458,McL6tnQdP4k
1531,9954,k8IYXjGDB10
1532,10576,qSHsLSRWvhc
1533,14848,bUlBjh676fQ
1534,14095,Q8znWqyqA5M
1535,15123,8rwhfHqJBR8
1536,10136,TTz_yhF8w6o
1537,12249,SQHNlc8OZu8
1538,12967,vwExoGUmX30
1539,16380,U9qz91-aGOw
1540,9025,RPkC76lMaBo
1541,37062,4E6kHSFpTJ0
1542,17325,BJKasD7bevY
1543,47923,_r_dt9U_GaI
1544,36637,mWQLqDhhX04
1545,10980,FA6Cxx70F7s
1546,12418,Z61jCemAfnE
1547,28065,uCXjvOOnubo
1548,35498,vGWK9IkxKZ0
1549,6836,An9HFlelZms
1550,35932,ALQ7v_F76WM
1551,29072,vZ_2Z2nhhAU
1552,14760,r53ZtI1furc
1553,20492,L63_EJfIBWc
1554,25120,oxj_ZT1rf-c
1555,12749,59qe9AE93iM
1556,35970,9nzCWA4B_rA
1557,18175,5lDIbqf3NLo
1558,23106,CB7vK1sYk94
1559,16011,dZ_pgNMXhoQ
1560,11849,BxwBeN6pewY
1561,17061,bhL10d17ANc
1562,9971,W--kk6l4epA
1563,13997,NIDa9gignCE
1564,26079,-wv1Pzd2aBI
1565,37002,s7vmoPas0mM
1566,34080,o8VXd1w4Pls
1567,27280,ee3tz3fU2zA
1568,6501,WdTzliKJhPI
1569,33278,nmhVJYclMbM
1570,32888,ln66xWTHtx8
1571,20851,I5n1HHSo2gI
1572,14284,0kNG-9_bwKg
1573,23332,Z4Ln33j4m-8
1574,33714,i7kjznV65NY
1575,13868,SyoahXNydA4
1576,38077,v_699K0CzFE
1577,8706,JNaN6lRbEr0
1578,11051,gyN0yIClc54
1579,10034,DYtKB7oqTUY
1580,9404,U3l1FgfyOxI
1581,9916,lYavCFpLx8U
1582,10048,iu1ZmhXXOrc
1583,15336,VE53M3qJTzs
1584,44767,5pfXLBcWvAM
1585,11277,xogJi5CPp68
1586,7195,p9FAXUHXey0
1587,27240,AfMgrVAvaZc
1588,7451,2DpWW-Bliu8
1589,36009,09k9rJ6nme8
1590,10746,dG99WYYpRT4
1591,32845,MYwdpCW49JI
1592,14751,I5XQ_Pi_ZBw
1593,9909,FZP-l4C2mrY
1594,34881,kr8b5QSRqX8
1595,35407,LoP4ADi0_gk
1596,38222,MaZB2HID-1k
1597,15893,Sxy3s-FFH5w
1598,32820,m9Z0q9D46Ww
1599,14033,ikD79_dDFQA
